photo_ID,x_left,y_left,x_right,y_right,class
3-10-0037,1840.5297,833.502,1958.3519,986.3906,dad
3-10-0037,1575.7637,891.3488,1693.2146,1035.3093,unknown_1
3-10-0037,1093.2648,1061.0326,1204.9758,1183.3495,mom
3-10-0037,1747.4608,1161.7062,1844.2972,1265.93,unknown_2
3-10-0020,1611.8256,847.836,1724.0577,975.9184,unknown_3
3-10-0026,1319.5461,923.7245,1426.1786,1062.9233,mom
3-10-0026,1026.2504,874.61194,1135.8451,1001.6719,unknown_4
3-10-0026,1920.9683,996.33905,2022.4291,1124.2468,unknown_5
3-10-0026,1512.9702,761.9205,1616.8912,886.01086,unknown_6
3-10-0026,1802.8835,1288.1746,1903.938,1390.4382,mom
3-10-0026,850.1188,997.163,945.02966,1105.1383,unknown_7
3-10-0086,842.9086,786.9988,1005.75366,974.97876,me
3-10-0086,2088.7866,927.51117,2181.7556,1047.4585,unknown_3
3-10-0221,1000.0889,951.1916,1309.5228,1382.0063,unknown_2
3-10-0221,813.81793,1099.5637,1089.0087,1453.7291,unknown_4
3-10-0221,902.5947,2097.2913,1080.351,2297.0059,unknown_8
3-10-0274,941.1534,1032.424,1073.8969,1196.0968,unknown_7
3-10-0032,1656.9038,756.9221,1799.7623,933.06775,unknown_3
3-10-0032,1401.728,680.7052,1534.4376,847.0706,dad
3-10-0032,991.31134,868.3683,1096.2166,981.00854,unknown_1
3-10-0067,1430.0048,482.52597,1539.44,620.7386,unknown_6
3-10-0067,1924.2129,537.68964,2030.6144,670.2416,me
3-10-0067,1165.2045,504.98904,1269.5154,640.14307,unknown_6
3-10-0067,1698.3896,507.18777,1799.5052,629.949,unknown_4
3-10-0204,1347.9556,770.2109,1491.524,948.33093,unknown_4
3-10-0222,1227.6267,551.2413,1412.6359,808.6996,unknown_5
3-10-0222,1316.1154,798.58215,1493.5739,1020.487,unknown_6
3-10-0222,1594.5969,1023.3226,1752.4504,1223.0303,unknown_3
3-10-0125,1512.7042,622.23413,1648.962,869.8187,mom
3-10-0125,907.9514,804.45996,1043.5059,982.9145,me
3-10-0208,513.8623,1120.1244,686.72266,1340.0896,mom
3-10-0208,1054.6443,672.03687,1198.1876,848.56055,unknown_6
3-10-0208,2000.4832,776.14087,2114.018,923.1368,unknown_3
3-10-0208,1300.9382,671.6814,1406.8582,821.53357,unknown_9
3-10-0021,1232.3536,502.10654,1475.0236,776.78424,unknown_10
3-10-0021,1539.2158,633.0827,1757.0443,893.6609,me
3-10-0174,689.04224,1254.7678,815.7971,1408.1527,mom
3-10-0155,693.12427,879.59216,813.0488,1038.0363,unknown_11
3-10-0155,1057.532,2513.7615,1170.8824,2653.2358,unknown_12
3-10-0155,319.02847,2393.7144,443.64505,2516.0154,unknown_10
3-10-0155,1400.0415,2609.9512,1516.675,2731.0098,mom
3-10-0155,1085.2697,1335.4148,1188.9698,1465.6389,me
3-10-0264,1325.7987,1254.8516,1512.4045,1504.1399,unknown_6
3-10-0264,641.3128,1257.1968,810.53815,1475.3757,me
3-10-0266,664.46704,839.30853,897.5165,1135.8683,unknown_5
3-10-0266,1120.3265,964.69653,1335.7148,1225.3376,unknown_4
3-10-0297,1379.6846,586.1207,1819.6714,1118.035,unknown_13
3-10-0003,1587.8207,699.27106,1745.1777,902.9322,unknown_14
3-10-0003,924.56494,829.87225,1039.524,962.9486,unknown_4
3-10-0328,936.08057,732.1675,1549.117,1570.1216,unknown_11
3-10-0091,1855.8336,542.198,1981.726,704.3654,unknown_6
3-10-0091,2310.0469,656.9523,2430.3035,802.11566,unknown_7
3-10-0091,390.76904,1684.8676,490.71518,1815.1244,mom
3-10-0127,1067.2502,1103.8491,1312.8947,1396.833,dad
3-10-0127,1639.5858,1127.7887,1836.0624,1372.7579,mom
3-10-0163,902.54175,464.09146,1090.6615,711.15814,dad
3-10-0163,1831.7479,710.27344,1929.634,835.7267,unknown_10
3-10-0063,1314.0516,578.10315,1639.7769,1005.22784,brother
3-10-0009,1540.9681,1059.8975,1663.0828,1197.6531,mom
3-10-0152,1158.2074,713.6798,1303.629,889.32837,unknown_5
3-10-0152,1368.4675,683.681,1508.6993,850.5067,mom
3-10-0047,1265.431,482.80896,1426.6063,692.4696,mom
3-10-0047,1059.8586,603.48975,1211.685,800.71094,unknown_7
3-10-0065,1122.5641,1171.496,1267.7485,1365.1582,unknown_4
3-10-0065,672.4513,1096.8779,814.6471,1285.5195,me
3-10-0321,2312.7048,860.6306,2523.6902,1104.9192,unknown_11
3-10-0321,1807.6968,736.3209,1998.5839,989.80005,unknown_6
3-10-0321,680.281,826.3007,858.47766,1054.0173,brother
3-10-0321,1047.8154,1089.0621,1216.0184,1304.3826,me
3-10-0321,2853.053,525.5309,3013.1892,727.20917,unknown_3
3-10-0321,1371.1367,894.7453,1519.3235,1105.0748,unknown_11
3-10-0356,1746.6929,522.30194,1952.4543,787.70276,unknown_11
3-10-0356,2625.2332,1909.4971,2786.7651,2095.4163,mom
3-10-0099,1313.026,745.387,1473.2799,927.6352,unknown_14
3-10-0119,1331.5702,564.62537,1535.6001,833.10645,unknown_6
3-10-0153,1176.8496,697.9527,1403.1255,1003.54095,unknown_6
3-10-0153,1540.6183,522.4888,1698.4382,754.3559,unknown_6
3-10-0111,1749.7312,601.48944,2092.751,1091.442,unknown_6
3-10-0111,1024.817,259.34943,1357.8972,711.59735,me
3-10-0061,1590.4639,749.6449,1725.1863,914.9058,unknown_2
3-10-0061,1219.4419,1930.5134,1314.505,2044.0067,unknown_3
3-10-0185,1068.1998,445.95532,1283.2347,707.72546,unknown_5
3-10-0185,1527.6926,649.27014,1728.4504,899.3774,mom
3-10-0215,1083.9781,1164.8861,1243.8374,1363.2557,unknown_6
3-10-0215,1627.8821,1142.5706,1768.1697,1326.1309,unknown_11
3-10-0224,1157.58,500.7066,1256.0326,623.5791,dad
3-10-0224,1480.0662,527.7533,1579.3748,640.7822,unknown_7
3-10-0139,1015.70306,1027.1855,1158.6285,1199.1799,unknown_6
3-10-0045,1424.333,944.63055,1551.006,1101.37,unknown_14
3-10-0094,1311.4055,607.8394,1508.5061,844.0712,brother
3-10-0094,1908.6095,500.50775,2059.1921,680.501,unknown_4
3-10-0097,1040.2214,1352.0096,1194.5854,1559.8175,mom
3-10-0097,1153.9186,782.09406,1287.8917,942.0833,dad
3-10-0097,1805.9989,856.802,1923.2621,999.983,mom
3-10-0097,557.30585,663.6688,676.2566,803.6193,unknown_5
3-10-0097,1995.9524,426.89566,2116.5513,552.77985,unknown_6
3-10-0156,496.6067,1152.4438,641.67377,1347.3307,unknown_6
3-10-0120,731.86957,205.6628,970.7552,514.5137,unknown_11
3-10-0120,448.06036,1429.5493,575.5101,1565.3032,mom
3-10-0012,1942.6997,927.0685,2107.2368,1136.8129,unknown_6
3-10-0168,818.22034,788.74274,965.61255,963.7657,unknown_6
3-10-0238,935.21216,540.1691,1149.0011,827.28796,unknown_6
3-10-0238,699.38135,859.9103,854.86035,1085.603,unknown_10
3-10-0223,1041.1862,1084.357,1301.8574,1386.9786,unknown_5
3-10-0223,1649.8071,665.32605,1849.1729,936.2039,dad
3-10-0223,1433.8555,877.0844,1591.209,1094.3529,mom
3-10-0223,-2.0069036,920.39307,146.96925,1116.5641,dad
3-10-0223,1287.7468,1042.793,1434.1873,1238.5505,mom
3-10-0223,500.64462,793.29315,621.9629,947.59247,unknown_5
3-10-0024,1751.9838,465.76007,1961.9823,770.3119,unknown_15
3-10-0024,1320.0452,660.73834,1526.1224,931.82086,brother
3-10-0145,1294.7769,868.98596,1416.8065,1016.7137,unknown_4
3-10-0027,1170.4437,839.7491,1307.4258,1004.81635,unknown_5
3-10-0027,1606.8746,796.69824,1739.1869,965.0101,unknown_5
3-10-0290,1402.2357,620.16876,1739.8314,1085.7437,dad
3-10-0290,2094.0352,729.9935,2434.4065,1183.203,mom
3-10-0290,1910.5803,1401.6819,2139.479,1692.6904,dad
3-10-0054,1699.2914,539.7899,1805.452,665.4695,dad
3-10-0054,1476.44,609.40894,1577.3062,737.56726,dad
3-10-0054,1509.6145,961.3964,1598.9127,1074.0342,dad
3-10-0029,958.6901,720.585,1235.9004,1087.9175,brother
3-10-0015,1207.9261,762.23224,1362.8328,957.0555,unknown_6
3-10-0072,1028.0199,466.01343,1219.2802,678.4241,mom
3-10-0072,1651.0952,738.0426,1858.6892,930.1501,unknown_5
3-10-0261,1931.6985,487.82516,2217.5962,855.85864,me
3-10-0261,1014.38477,403.60413,1292.368,766.68164,unknown_2
3-10-0083,996.1314,824.58075,1195.884,1085.7849,unknown_5
3-10-0092,1659.8644,765.273,1756.2476,890.8057,me
3-10-0110,1765.7266,961.6018,1890.7565,1108.1716,mom
3-10-0110,1206.9486,1190.7181,1333.3641,1334.654,unknown_6
3-10-0110,2567.7502,767.6465,2691.743,907.60767,unknown_14
3-10-0057,1123.9026,949.9068,1292.0498,1162.327,mom
3-10-0057,879.1202,984.5212,1034.9015,1190.2129,dad
3-10-0182,959.66455,782.20483,1161.1499,1017.4707,mom
3-10-0327,1041.9331,1077.2113,1367.3313,1486.2338,me
3-10-0327,1245.7784,1529.3329,1536.1088,1844.3009,brother
3-10-0345,1368.4556,766.48047,1539.4346,976.0309,unknown_11
3-10-0102,1032.0529,881.87494,1140.8647,1012.7056,unknown_7
3-10-0102,1454.1714,995.07056,1547.8474,1105.1194,unknown_6
3-10-0075,771.04926,924.2121,886.22406,1059.0623,unknown_10
3-10-0075,2277.4084,1211.6161,2385.4575,1351.8425,unknown_6
3-10-0340,1069.3622,536.93835,1222.9849,736.27344,dad
3-10-0340,1472.3094,478.5934,1614.8605,673.70026,dad
3-10-0340,1288.2693,612.65295,1392.672,740.2837,me
3-10-0101,927.1763,754.0166,1049.3595,904.4586,unknown_4
3-10-0220,1456.4,1057.0093,1640.6079,1304.1373,me
3-10-0220,1587.0405,1206.4464,1760.968,1433.9945,unknown_6
3-10-0146,1587.4423,1042.2903,1704.6119,1188.9933,unknown_2
3-10-0166,937.58374,672.144,1103.7009,899.09735,unknown_11
3-10-0166,1923.4926,676.8458,2086.103,900.36505,unknown_6
3-10-0374,1794.8698,1034.8682,2105.4697,1452.3033,brother
3-10-0374,1583.9697,426.92206,1802.5951,680.64465,unknown_13
3-10-0272,1097.1063,544.6667,1205.9309,662.8838,dad
3-10-0158,1409.9805,673.6008,1565.2784,858.04395,brother
3-10-0158,1810.0254,438.9527,1953.4917,626.9193,unknown_6
3-10-0123,2244.415,356.02805,2447.7512,680.2718,unknown_1
3-10-0123,908.03186,787.2312,1103.8712,1038.7433,me
3-10-0123,1655.8599,770.72754,1844.6273,1016.71136,mom
3-10-0279,834.2744,737.98,1051.8871,1002.6375,unknown_5
3-10-0332,1098.9215,222.52036,1655.3158,1024.0302,unknown_6
3-10-0358,1042.8431,851.0103,1246.1681,1088.0747,brother
3-10-0133,1902.3967,753.8648,2094.437,1014.23865,unknown_2
3-10-0133,1358.0349,803.8021,1522.8953,1010.0581,unknown_6
3-10-0244,659.543,2213.3433,926.5012,2553.859,brother
3-10-0244,1194.032,2336.8875,1447.988,2656.6116,me
3-10-0364,1188.0887,1441.2012,1506.9974,1755.6094,dad
3-10-0364,968.52454,1419.6322,1163.6302,1673.9532,unknown_2
3-10-0031,1413.6678,792.98224,1528.1432,934.9931,mom
3-10-0231,2612.5684,1200.2032,2790.1597,1450.9279,dad
3-10-0231,1412.9655,607.3965,1571.2638,824.64136,brother
3-10-0231,1576.6887,1202.1138,1737.4573,1409.6536,unknown_14
3-10-0231,1971.7024,784.5363,2129.3777,983.6715,unknown_6
3-10-0231,2588.682,1637.807,2692.8755,1772.8026,dad
3-10-0231,2642.5845,700.0189,2741.145,818.6641,dad
3-10-0373,1186.0465,233.25288,1433.2598,632.64417,mom
3-10-0373,1923.62,1333.861,2018.9786,1455.5117,mom
3-10-0218,1177.0801,613.59576,1310.1832,778.6398,unknown_2
3-10-0277,1087.6536,1183.6277,1213.0801,1328.3491,mom
3-10-0277,2186.542,688.2047,2292.724,832.96484,unknown_11
3-10-0008,919.4325,1043.8542,1070.6003,1239.8478,mom
3-10-0008,1132.3857,1592.7964,1275.0093,1765.444,unknown_6
3-10-0008,1852.6658,848.6212,1985.5732,1011.9165,unknown_6
3-10-0008,619.8496,1745.509,753.0562,1899.5164,unknown_6
3-10-0136,1595.2913,921.6612,1714.2778,1072.5044,me
3-10-0229,1719.4508,173.50026,2052.5408,562.6306,dad
3-10-0229,854.29004,635.1383,1154.3873,1020.058,unknown_11
3-10-0240,1892.0402,1295.4968,2077.8843,1532.11,brother
3-10-0240,1399.7303,1248.179,1583.3975,1457.6132,brother
3-10-0240,2300.2122,697.1619,2477.6558,907.5814,mom
3-10-0240,1068.0337,1289.0217,1236.8705,1505.4098,unknown_13
3-10-0240,1627.8578,958.695,1779.1027,1147.3948,unknown_7
3-10-0303,1537.1848,385.77908,1816.6864,766.9246,dad
3-10-0303,1120.9951,857.68475,1350.24,1155.7239,brother
3-10-0303,2454.5674,-8.307449,2643.36,234.51471,unknown_14
3-10-0286,1833.6168,229.25577,2064.4282,493.20972,dad
3-10-0286,808.14996,941.4566,1008.3933,1181.6326,mom
3-10-0319,595.94354,1610.447,853.1246,1944.6677,me
3-10-0319,1317.4888,868.3933,1490.3016,1097.6099,unknown_11
3-10-0306,897.5042,1005.06464,1030.8557,1171.8031,me
3-10-0306,1023.7419,796.8999,1158.8431,960.67883,unknown_2
3-10-0171,595.8487,925.5719,729.392,1126.603,unknown_14
3-10-0171,1640.3683,504.7467,1762.5518,641.417,mom
3-10-0171,976.837,717.5205,1088.5641,860.61096,dad
3-10-0171,1317.6991,771.93445,1420.5842,910.19354,unknown_5
3-10-0337,1400.3882,857.7744,1585.1805,1107.5607,dad
3-10-0337,1368.4869,1450.9204,1529.2742,1648.6255,unknown_11
3-10-0251,321.07355,1239.756,508.67642,1538.9047,mom
3-10-0251,1164.7457,1170.7056,1323.0208,1372.8516,me
3-10-0002,1384.4409,921.7168,1518.0221,1089.3335,mom
3-10-0002,758.71106,1187.9514,884.9076,1359.2687,unknown_6
3-10-0002,1912.0,1104.4064,2012.0337,1227.1355,mom
3-10-0322,908.6546,773.5751,1356.6833,1299.3743,unknown_6
3-10-0322,2367.5657,922.8651,2713.4963,1366.7618,unknown_11
3-10-0322,1342.803,1103.2762,1662.4644,1542.1749,unknown_11
3-10-0322,1719.531,535.69965,2021.2965,940.52673,unknown_2
3-10-0322,2035.4905,803.59143,2301.5083,1162.4911,unknown_7
3-10-0322,1448.3341,582.2144,1707.2533,939.138,unknown_11
3-10-0093,1369.0331,750.16925,1567.4329,987.59106,unknown_14
3-10-0093,1932.766,725.0702,2123.7605,965.9838,unknown_7
3-10-0253,887.1613,781.92816,1060.7366,975.63617,unknown_13
3-10-0253,1486.1823,1019.7544,1630.9916,1198.8696,unknown_14
3-10-0122,1479.914,879.0621,1627.4309,1049.024,unknown_6
3-10-0170,2238.82,548.137,2442.3928,788.0525,unknown_2
3-10-0170,1602.2987,350.03278,1797.9749,573.53705,mom
3-10-0170,726.49585,507.63525,910.03546,741.38446,dad
3-10-0048,127.413345,296.7222,287.23242,479.3172,mom
3-10-0048,578.833,451.46387,688.5966,596.7701,mom
3-10-0048,1642.9231,648.4685,1754.3903,780.5531,unknown_6
3-10-0048,1428.2389,407.68015,1532.6836,538.1303,dad
3-10-0048,1369.8386,623.84534,1473.5883,741.4418,mom
3-10-0357,1242.6084,445.8687,1510.5759,813.15216,mom
3-10-0098,1608.3661,1054.0463,1717.983,1177.8984,mom
3-10-0098,1318.3398,1154.4229,1417.0385,1271.1375,brother
3-10-0283,1818.8572,704.9603,2098.1812,1034.9618,mom
3-10-0283,2706.5835,1087.8745,2865.901,1270.845,unknown_11
3-10-0283,1098.2153,1042.1757,1237.4841,1222.2217,brother
3-10-0283,1328.4612,69.41673,1458.8436,236.09525,mom
3-10-0283,2358.8423,795.8621,2489.4636,958.0674,mom
3-10-0283,1726.8132,162.96623,1858.5128,318.33905,mom
3-10-0283,1565.049,117.69382,1686.3273,267.7904,unknown_4
3-10-0283,2550.0764,229.2923,2672.6553,377.038,unknown_3
3-10-0283,2703.6482,134.81337,2828.439,276.96423,dad
3-10-0283,1447.8173,952.42694,1568.003,1098.3612,unknown_11
3-10-0283,2696.5002,706.9246,2814.5007,846.1947,mom
3-10-0283,2401.7554,1051.3048,2505.3835,1206.3391,mom
3-10-0283,2578.5515,33.522415,2681.32,159.4531,dad
3-10-0283,2106.9985,827.8191,2208.8083,943.0278,unknown_6
3-10-0283,2359.2302,167.33633,2441.193,296.62265,unknown_14
3-10-0137,1273.6631,960.74774,1387.2179,1112.88,unknown_6
3-10-0148,1837.4862,630.22565,2007.2394,838.81116,unknown_6
3-10-0148,1400.1233,719.6545,1568.2758,918.5788,unknown_5
3-10-0148,424.9972,836.3256,536.5774,960.1041,mom
3-10-0362,752.3274,1589.5686,883.9447,1757.6561,unknown_7
3-10-0331,1426.4896,509.97128,1705.026,855.16235,unknown_10
3-10-0331,-4.3466187,892.1221,202.55675,1142.7408,unknown_6
3-10-0331,304.21988,775.6353,486.73517,1013.3295,mom
3-10-0331,1207.4073,619.62634,1390.9152,849.2514,unknown_11
3-10-0331,602.39575,1006.7123,734.09375,1180.0173,unknown_11
3-10-0236,1180.5015,892.07794,1295.246,1028.5388,mom
3-10-0236,1591.2473,878.61255,1708.3143,1010.0359,mom
3-10-0181,307.48004,1258.536,458.87054,1462.7369,mom
3-10-0330,706.504,1043.6375,981.8022,1387.9084,me
3-10-0080,1555.1812,710.863,1647.0793,829.4391,unknown_2
3-10-0068,1563.1086,509.67157,1693.21,685.4237,unknown_5
3-10-0068,707.71515,646.4744,826.6868,795.63855,mom
3-10-0068,1396.0204,499.53986,1503.7931,631.61945,unknown_5
3-10-0068,1183.398,619.13965,1291.4696,737.3966,unknown_14
3-10-0095,823.31586,832.44385,968.80414,1019.93445,mom
3-10-0248,960.38074,536.8923,1243.1189,874.4449,unknown_5
3-10-0248,1901.2621,481.21143,2123.4075,853.1475,unknown_2
3-10-0248,1540.8883,381.003,1767.1384,678.0768,brother
3-10-0304,1674.176,482.44083,1945.3009,839.9031,mom
3-10-0304,1296.3365,786.54144,1534.2552,1069.1742,me
3-10-0352,1199.3108,876.5,1446.2786,1102.4515,brother
3-10-0273,1292.2894,1546.1863,1442.907,1731.5183,me
3-10-0273,670.98737,1559.7495,818.10077,1735.3468,unknown_6
3-10-0284,1178.1072,1001.01514,1315.3103,1169.8916,unknown_14
3-10-0188,1344.2008,734.2382,1498.819,918.2187,unknown_6
3-10-0157,686.51996,605.1292,1017.7162,979.4592,unknown_6
3-10-0157,1743.1711,719.77374,2017.2728,1061.821,brother
3-10-0142,1564.1737,681.1304,1712.5502,859.52515,unknown_4
3-10-0234,765.3074,-53.24911,1054.7084,249.6581,mom
3-10-0234,1332.4033,629.0703,1595.5819,854.24347,unknown_6
3-10-0234,1292.7572,954.9983,1466.8668,1184.24,me
3-10-0234,2286.4749,411.83795,2451.7886,621.655,mom
3-10-0339,1380.9519,1090.017,1503.6755,1288.7177,unknown_3
3-10-0104,1624.0134,1206.5421,1816.2891,1400.35,mom
3-10-0104,1517.9962,860.918,1665.862,1041.6218,mom
3-10-0104,2019.8903,1188.4188,2118.5886,1303.9531,brother
3-10-0344,706.3526,1667.8032,842.08685,1831.4572,unknown_13
3-10-0154,1022.3607,582.8953,1265.6729,896.6573,me
3-10-0035,1085.367,838.21356,1280.8717,1094.8959,unknown_6
3-10-0035,1821.2749,901.57764,2018.8895,1140.361,dad
3-10-0035,736.6815,1426.5875,924.38605,1667.8328,brother
3-10-0035,757.02625,638.4732,924.79517,855.58813,me
3-10-0035,943.26013,250.62526,1037.1023,363.6643,mom
3-10-0377,799.88855,623.0344,1458.2686,1236.0663,unknown_11
3-10-0377,1615.4774,729.34686,2016.0242,1199.1044,unknown_11
3-10-0107,1845.2688,1035.2952,1950.7228,1174.6643,dad
3-10-0107,999.6494,1130.2048,1101.0505,1267.9232,dad
3-10-0038,1524.6819,75.966934,1823.0422,467.08353,unknown_5
3-10-0038,679.9108,419.32812,935.4845,751.88245,me
3-10-0151,1638.2699,757.4767,1790.5305,933.3151,mom
3-10-0151,1366.4005,719.4817,1492.5569,865.0253,unknown_6
3-10-0239,698.0217,902.80164,872.93427,1126.4541,me
3-10-0239,890.31866,795.1402,1069.9658,1001.3971,unknown_2
3-10-0255,2159.0098,1296.1096,2377.6775,1560.935,me
3-10-0255,397.22864,1055.3087,595.24445,1287.6362,unknown_11
3-10-0255,2087.1199,561.858,2260.1267,793.23224,unknown_2
3-10-0255,723.4702,685.5841,891.0397,878.01697,unknown_11
3-10-0255,911.854,481.904,1051.2856,659.8893,brother
3-10-0255,1653.5851,605.3842,1803.3693,765.60376,unknown_6
3-10-0255,635.46204,1280.8726,757.6297,1419.8428,dad
3-10-0255,1209.9136,1186.9497,1328.8992,1314.4188,mom
3-10-0164,1292.5533,689.3642,1527.6504,996.9595,me
3-10-0164,1919.1868,1123.9047,2052.769,1300.4543,unknown_14
3-10-0018,355.46637,705.12756,807.9974,1244.6782,unknown_7
3-10-0018,2479.6143,785.739,2579.1372,895.0677,mom
3-10-0018,823.9949,1019.73596,917.311,1134.721,unknown_14
3-10-0130,751.9658,372.88043,1062.5789,860.1064,dad
3-10-0130,1497.64,652.22754,1814.8995,1091.8169,unknown_6
3-10-0130,1821.6372,354.40472,2117.306,764.33514,unknown_6
3-10-0278,1270.368,1106.2885,1371.4801,1234.8569,dad
3-10-0278,538.08734,1072.2838,633.7561,1180.756,mom
3-10-0078,810.12476,1010.0614,985.26514,1232.9242,unknown_2
3-10-0169,578.40015,641.74744,791.9355,928.8721,unknown_2
3-10-0169,1252.1191,599.5603,1446.4103,857.8159,unknown_6
3-10-0076,1741.9208,671.17334,1931.4156,911.83527,unknown_5
3-10-0076,1387.8523,420.85953,1575.4594,654.0579,mom
3-10-0366,1130.5815,475.63663,1269.9026,655.9959,dad
3-10-0366,643.1909,1183.936,738.5481,1288.8446,mom
3-10-0363,1105.4543,1397.1239,1250.4338,1563.6003,unknown_6
3-10-0363,10.027811,879.6029,139.33215,1029.1736,unknown_14
3-10-0323,847.43774,594.69904,1658.6075,1498.8087,brother
3-10-0323,1979.2856,510.4069,2288.2073,908.14246,unknown_11
3-10-0372,1937.8585,853.012,2165.9604,1165.0458,mom
3-10-0372,653.64154,339.01657,763.6493,494.00778,dad
3-10-0050,1248.0941,484.1886,1407.9274,679.6111,unknown_11
3-10-0252,1692.1578,934.4415,1911.2928,1240.4144,unknown_6
3-10-0252,1098.8525,1200.6061,1291.7023,1437.8601,unknown_4
3-10-0252,1470.5193,1234.5759,1635.2596,1434.3711,unknown_6
3-10-0199,1538.1658,644.1335,1752.3486,945.2058,me
3-10-0199,1697.1877,792.4894,1881.3263,1036.8419,unknown_11
3-10-0022,472.00073,1468.2999,854.9234,1824.5349,mom
3-10-0022,1527.5099,500.6835,1723.8917,740.5957,me
3-10-0022,1064.8835,602.3528,1240.7703,824.0361,brother
3-10-0069,1513.9786,551.2109,1626.9413,700.3898,dad
3-10-0069,1108.6873,1007.967,1224.9265,1140.3433,unknown_5
3-10-0256,1928.1141,486.43503,2218.7478,864.70667,unknown_2
3-10-0256,1020.6714,410.11658,1288.9298,757.3746,brother
3-10-0090,1133.1921,1354.6895,1309.6289,1568.5695,unknown_6
3-10-0090,1727.7175,1991.5409,1841.2544,2129.207,unknown_5
3-10-0090,676.141,2333.4211,764.2389,2452.3,mom
3-10-0143,709.43695,612.6597,1307.6395,1340.4447,unknown_4
3-10-0329,1061.15,1601.1108,1309.7938,1933.1919,unknown_11
3-10-0376,898.80524,1307.9167,1146.1768,1616.7509,mom
3-10-0121,1611.5599,685.21454,1787.7255,915.2257,unknown_7
3-10-0121,1133.2573,711.5647,1295.6182,935.01,me
3-10-0237,1345.7408,1010.06366,1529.053,1237.7449,mom
3-10-0237,1022.28595,1075.8949,1191.3162,1283.2964,unknown_11
3-10-0237,740.1427,1149.1144,893.87256,1336.7938,unknown_6
3-10-0318,937.39276,1102.093,1202.9066,1419.848,brother
3-10-0318,484.8677,520.5049,723.89453,838.7714,unknown_2
3-10-0242,1111.7142,1109.326,1218.5469,1248.4293,unknown_13
3-10-0242,1229.9358,1087.9172,1341.5417,1219.5646,unknown_5
3-10-0242,1482.5393,1131.8383,1585.5153,1263.2103,mom
3-10-0242,1702.928,1171.1799,1812.2295,1292.3807,dad
3-10-0138,1359.3308,697.9665,1511.909,890.1191,unknown_6
3-10-0138,1656.7238,883.6431,1792.5104,1082.0555,unknown_6
3-10-0257,1693.1819,942.8636,1905.4819,1233.2075,me
3-10-0257,1092.3336,1199.156,1285.6924,1436.0687,unknown_6
3-10-0257,1459.1444,1212.2787,1633.1321,1427.8398,unknown_6
3-10-0353,961.1788,1298.9603,1255.0277,1678.5701,unknown_6
3-10-0034,1709.5254,1089.1935,1851.0535,1275.6984,unknown_13
3-10-0034,1282.6222,1043.5262,1418.6359,1216.2688,dad
3-10-0007,1042.3124,850.91815,1287.1036,1164.8467,me
3-10-0172,253.36435,1027.4847,461.87296,1286.2,unknown_6
3-10-0172,1755.8306,884.6031,1942.9504,1123.3889,unknown_2
3-10-0172,710.2949,1001.7279,903.3527,1229.8994,brother
3-10-0172,2215.0686,929.57434,2379.1199,1140.2225,unknown_4
3-10-0172,1040.5107,801.92773,1198.2378,1008.8651,mom
3-10-0209,2516.3865,474.7626,2684.2412,706.2954,dad
3-10-0209,2686.236,937.1841,2837.9873,1155.2747,unknown_1
3-10-0209,1549.1665,840.2774,1663.2601,986.53,unknown_5
3-10-0291,1291.8531,1028.3765,1423.1886,1180.4336,unknown_6
3-10-0359,1774.6803,413.57086,2016.0295,724.2573,brother
3-10-0082,1871.2118,1205.9269,2065.6465,1441.2634,brother
3-10-0082,1152.8507,910.50287,1275.4524,1069.9991,unknown_13
3-10-0293,1801.2129,430.55573,2167.1448,935.80756,dad
3-10-0293,1294.6123,772.46576,1635.952,1268.9808,dad
3-10-0293,1449.2319,1398.7421,1714.4397,1732.345,me
3-10-0052,1695.4742,1413.5758,1799.5981,1535.136,dad
3-10-0052,1604.7139,813.02924,1704.0916,932.92487,dad
3-10-0310,1420.7103,886.8636,1558.0892,1072.7758,mom
3-10-0310,1275.4983,906.1062,1402.7932,1059.3469,unknown_2
3-10-0314,1517.6821,744.6336,1691.4753,968.80347,unknown_2
3-10-0314,1101.3888,842.27124,1267.3823,1057.5701,unknown_11
3-10-0314,962.4332,1460.323,1056.5232,1581.0725,unknown_1
3-10-0355,1478.8599,519.65625,1739.6947,836.09247,unknown_6
3-10-0013,1579.3494,738.71655,1678.7496,874.83887,unknown_6
3-10-0217,1229.209,231.36356,1518.3573,600.5506,mom
3-10-0160,1407.936,1003.43964,1540.478,1165.4835,unknown_2
3-10-0160,1688.5701,1006.2621,1813.1132,1149.5745,unknown_11
3-10-0298,1386.9883,728.9644,1828.6077,1375.3868,unknown_14
3-10-0298,897.1845,126.46373,1316.9938,659.9195,dad
3-10-0298,1007.82367,1222.2668,1274.4893,1504.8693,unknown_6
3-10-0105,1955.8301,337.9953,2165.3823,566.3568,mom
3-10-0368,1299.9803,926.37146,1435.7534,1099.1377,dad
3-10-0368,1722.8296,1022.14557,1852.9038,1181.991,dad
3-10-0368,1601.3344,1236.9438,1697.3146,1357.5319,unknown_6
3-10-0196,1584.7445,810.5616,1810.317,1128.0946,mom
3-10-0196,557.37836,792.5783,729.40436,1014.2223,unknown_4
3-10-0196,1278.3663,868.26013,1421.131,1056.1649,unknown_11
3-10-0308,1527.9562,1297.4344,1671.7717,1485.1248,dad
3-10-0308,1511.9994,1574.4089,1623.831,1708.7261,unknown_6
3-10-0202,2227.639,387.13977,2551.8245,755.8213,brother
3-10-0043,1630.9961,220.24014,1943.1904,643.413,brother
3-10-0043,542.02014,749.2054,767.061,1043.5205,brother
3-10-0141,1323.6888,679.0959,1447.1232,830.75665,unknown_6
3-10-0216,1331.1709,1099.9622,1431.7601,1230.9778,unknown_5
3-10-0347,1367.006,589.86365,1526.2391,785.7332,me
3-10-0381,786.27936,153.32303,1114.3978,578.9533,mom
3-10-0381,876.0809,793.4643,1125.1561,1114.1381,me
3-10-0381,1411.4434,645.63434,1667.3412,957.0081,unknown_4
3-10-0036,1251.2032,1332.5483,1371.4468,1493.3315,dad
3-10-0036,1006.07355,1378.5186,1118.3862,1519.796,unknown_3
3-10-0036,1109.0122,1634.4908,1207.122,1748.0698,unknown_6
3-10-0294,1321.3618,700.9233,1887.4891,1284.017,unknown_5
3-10-0294,1071.3325,1236.0156,1466.1924,1672.5875,brother
3-10-0028,1341.8184,924.13184,1463.5231,1077.8412,dad
3-10-0028,340.2236,499.70273,469.25195,635.2011,unknown_14
3-10-0028,706.0662,1221.8604,824.95264,1366.4437,unknown_6
3-10-0028,1836.8004,1126.0504,1930.8073,1246.8872,unknown_6
3-10-0177,413.40454,996.1702,648.97296,1300.5582,unknown_7
3-10-0177,742.8039,770.30334,875.85925,931.18976,unknown_2
3-10-0177,1413.0393,626.81934,1552.406,767.67285,unknown_14
3-10-0177,2344.1047,1326.8519,2448.7869,1469.2565,unknown_6
3-10-0087,1147.5935,897.3963,1297.2224,1081.3691,brother
3-10-0089,1334.9047,605.2988,1593.0426,953.087,brother
3-10-0262,1409.3688,553.8386,1529.537,710.5611,unknown_5
3-10-0124,829.57513,992.5099,974.2694,1172.9006,unknown_6
3-10-0343,771.94135,1261.6913,998.5979,1517.0278,mom
3-10-0312,1540.7021,734.1175,1701.632,948.6509,mom
3-10-0312,1283.8406,893.5383,1399.9443,1101.8162,dad
3-10-0312,834.6451,1839.9812,938.0461,1968.9958,unknown_5
3-10-0325,1859.0054,705.83765,2023.6997,895.8155,unknown_6
3-10-0325,1618.7433,735.34863,1793.1382,910.9706,mom
3-10-0325,1512.6454,884.1577,1661.3517,1057.5695,mom
3-10-0325,1492.7625,1156.6954,1604.9038,1298.7712,unknown_2
3-10-0350,1208.4452,652.73785,1356.2013,844.10455,dad
3-10-0350,1620.237,590.14764,1763.0331,781.44556,dad
3-10-0350,1415.935,721.5369,1523.1973,846.6465,unknown_6
3-10-0249,1545.0378,768.93494,1681.9346,931.7577,me
3-10-0249,1224.0662,851.0386,1358.0035,1011.88245,brother
3-10-0371,1350.2246,557.88586,1518.9385,768.16156,unknown_6
3-10-0016,1103.9778,783.5582,1253.7028,973.146,mom
3-10-0016,1277.5026,720.47296,1424.2524,906.8521,mom
3-10-0179,1459.2991,686.6865,1575.2559,829.9908,unknown_11
3-10-0179,987.8347,705.1398,1100.5009,851.5382,unknown_6
3-10-0179,970.2504,906.8649,1070.4512,1026.186,dad
3-10-0334,671.36035,1230.7823,923.57196,1539.4846,brother
3-10-0041,990.82513,727.7238,1233.9464,1042.811,brother
3-10-0041,769.62756,887.79956,1017.87854,1191.5818,mom
3-10-0011,116.85616,1092.4565,222.60791,1206.6248,dad
3-10-0254,1790.3298,726.8795,1968.5228,973.63403,me
3-10-0254,878.7822,769.1261,1043.5795,990.43427,unknown_11
3-10-0150,1163.0809,675.3929,1352.3328,902.757,unknown_6
3-10-0128,1059.3557,318.58517,1406.2723,772.34863,dad
3-10-0128,2093.5125,292.83096,2347.604,720.604,dad
3-10-0311,677.4377,1429.8926,916.2068,1748.7944,mom
3-10-0311,1100.6042,346.2717,1277.1241,628.4524,dad
3-10-0311,1639.4098,595.7894,1812.1395,809.09796,unknown_6
3-10-0313,1541.207,271.05975,1792.5038,627.052,unknown_4
3-10-0313,1817.1334,925.9533,2105.1655,1228.4917,unknown_6
3-10-0250,732.1923,1194.9354,834.14233,1320.2151,mom
3-10-0049,1399.4135,585.539,1549.0817,783.76105,mom
3-10-0010,1000.1914,603.1161,1158.6648,805.8318,brother
3-10-0010,1808.9404,725.5571,1955.0708,902.52155,unknown_5
3-10-0289,1060.1864,632.08905,1310.7351,857.4292,mom
3-10-0289,1089.2677,981.27106,1217.0149,1130.3488,brother
3-10-0191,765.2055,682.3601,1024.8695,1040.3724,brother
3-10-0333,1427.5128,651.25415,1742.3741,1034.804,brother
3-10-0207,764.9496,937.24506,1024.6713,1282.4331,me
3-10-0207,1087.8202,1910.9381,1225.6156,2050.8462,mom
3-10-0270,1452.6986,694.4073,1616.874,904.2357,dad
3-10-0270,1164.9753,689.47186,1316.0188,876.92065,unknown_6
3-10-0226,622.66797,859.66974,716.854,975.885,unknown_11
3-10-0276,528.61975,1288.0837,648.18787,1428.9569,mom
3-10-0276,1019.38104,1190.5184,1113.153,1300.1061,unknown_4
3-10-0285,929.45215,1371.2418,1033.23,1503.4623,unknown_2
3-10-0285,1180.2466,1059.6969,1285.7449,1182.3368,mom
3-10-0285,273.0861,1135.1012,376.01343,1259.3169,unknown_4
3-10-0285,547.4198,1136.5048,640.0339,1258.4552,unknown_6
3-10-0301,564.006,612.754,956.3662,1117.7112,brother
3-10-0301,1708.998,468.69217,1823.5472,617.50586,dad
3-10-0301,2064.8494,533.8152,2164.5996,676.7071,dad
3-10-0025,1642.8616,686.50836,1770.3827,817.3915,unknown_5
3-10-0025,1049.1351,894.9215,1159.0741,1017.4646,mom
3-10-0025,1410.8047,863.9094,1511.4897,976.18744,unknown_4
3-10-0369,1077.9081,534.4033,1274.4214,799.20483,dad
3-10-0369,1367.563,1014.58575,1503.1708,1174.4269,unknown_11
3-10-0259,1828.7253,727.95575,1999.388,963.54376,brother
3-10-0259,914.32764,765.46405,1078.3843,985.8254,me
3-10-0316,1267.1797,922.68243,1588.4412,1304.456,me
3-10-0271,1053.159,931.0203,1150.4589,1054.0157,unknown_5
3-10-0175,1389.5354,777.10944,1578.8303,983.6258,unknown_6
3-10-0175,1030.7316,899.6409,1158.2865,1040.3273,unknown_6
3-10-0175,1305.4912,904.7106,1398.354,1047.4531,unknown_7
3-10-0235,662.9537,590.35846,844.697,839.2222,unknown_2
3-10-0235,1156.982,1065.8418,1326.7151,1283.6161,unknown_6
3-10-0235,1683.9718,1184.515,1851.4739,1401.6742,unknown_11
3-10-0235,362.02582,682.3192,504.42035,863.0896,dad
3-10-0235,1404.8438,710.37036,1538.5343,870.87476,unknown_5
3-10-0235,2493.09,1062.18,2620.6365,1224.7468,brother
3-10-0197,1402.422,409.3842,1597.7721,677.26776,me
3-10-0197,881.53485,697.194,1056.4231,919.24835,unknown_11
3-10-0030,681.73834,1882.9957,817.12787,2041.9302,brother
3-10-0030,1028.1552,1791.6866,1161.6514,1951.7987,unknown_6
3-10-0030,601.61163,913.0134,720.3624,1050.4912,dad
3-10-0030,1842.8673,1912.7896,1933.5964,2029.4601,unknown_4
3-10-0183,620.80695,844.48706,822.2398,1087.7151,unknown_5
3-10-0189,1252.5819,633.1357,1354.0168,750.92816,mom
3-10-0375,848.11926,-29.220682,977.15326,115.50427,mom
3-10-0365,995.49677,1051.0621,1311.1,1480.0801,unknown_11
3-10-0348,1622.8364,351.59238,1833.434,644.427,dad
3-10-0348,1197.1003,406.18106,1371.3586,614.37604,unknown_11
3-10-0206,966.30585,667.8291,1176.5847,925.2909,dad
3-10-0324,1462.849,552.99725,1789.3414,981.5657,brother
3-10-0324,1455.7384,1065.7599,1780.8645,1494.7964,unknown_11
3-10-0324,2093.5505,843.46265,2370.405,1214.3645,unknown_11
3-10-0324,1121.9259,543.19965,1387.2584,923.48773,me
3-10-0370,1403.5276,741.63184,1844.3005,1251.4951,unknown_5
3-10-0370,701.28125,638.4338,1036.4033,1058.1942,unknown_6
3-10-0074,1128.5199,628.06366,1240.4069,787.0161,mom
3-10-0135,426.1225,828.524,574.1626,1028.0507,mom
3-10-0341,1308.2902,584.4352,1501.1378,827.78815,me
3-10-0341,1204.0127,876.7527,1397.0939,1095.1088,me
3-10-0341,1997.9141,737.1276,2175.8557,966.7925,unknown_5
3-10-0341,1661.7017,930.22363,1843.2091,1137.3284,me
3-10-0184,894.0563,965.61584,1022.5372,1120.5161,mom
3-10-0023,1264.8921,473.68555,1474.3663,756.70605,brother
3-10-0096,1215.2678,28.218212,1436.96,340.2286,me
3-10-0096,1545.3706,540.4674,1749.989,808.17694,mom
3-10-0060,997.2645,808.0037,1094.8156,923.3066,unknown_6
3-10-0134,1862.8297,503.91815,2043.7433,725.88934,dad
3-10-0134,1429.8827,662.02905,1594.1947,866.5369,dad
3-10-0134,1481.5187,1229.4392,1623.1451,1409.8514,unknown_5
3-10-0134,1172.3383,1304.5818,1305.0106,1472.5254,mom
3-10-0176,1934.3137,1399.6101,2142.1653,1654.4191,unknown_4
3-10-0176,1434.934,1311.2639,1606.4678,1519.8939,unknown_6
3-10-0269,1228.941,754.00525,1354.4342,898.6464,unknown_4
3-10-0269,1812.4702,706.0579,1927.3052,845.97504,unknown_5
3-10-0263,1393.3441,1623.4738,1545.0038,1817.2517,me
3-10-0263,563.6927,1433.5452,713.5428,1605.5952,unknown_4
3-10-0263,784.2035,1624.559,926.5526,1795.8282,brother
3-10-0144,749.8516,401.75568,1188.7789,1002.0757,brother
3-10-0315,1057.7246,557.84033,1406.1398,999.56775,unknown_11
3-10-0296,603.02747,464.8772,993.57996,902.83923,unknown_7
3-10-0354,1077.8937,1262.7122,1425.0608,1695.9851,unknown_11
3-10-0118,1451.3364,473.85925,1661.5829,752.745,me
3-10-0268,802.9341,722.0986,1003.1488,983.8236,dad
3-10-0268,1695.731,466.88638,1878.887,717.2555,unknown_7
3-10-0268,2213.5615,758.38354,2377.9424,963.06335,unknown_6
3-10-0232,2647.6948,1223.2708,2799.1545,1460.4767,dad
3-10-0232,1325.4023,691.0206,1476.6924,892.7535,brother
3-10-0232,1930.829,769.5499,2068.604,955.55743,mom
3-10-0232,1652.2307,660.8936,1757.0707,793.09656,dad
3-10-0178,1590.4479,450.4549,1805.4415,740.22205,unknown_4
3-10-0178,986.7604,506.53708,1143.5752,709.90686,brother
3-10-0084,812.96576,881.01416,1001.38226,1123.9027,me
3-10-0194,1537.6884,936.4267,1713.299,1160.0286,me
3-10-0194,1029.166,1055.7446,1187.7882,1257.5139,unknown_11
3-10-0149,805.47046,608.8202,944.19037,790.6674,unknown_13
3-10-0006,950.0704,1114.2847,1119.8065,1336.8656,mom
3-10-0006,411.52127,2379.1348,536.14307,2520.1602,mom
3-10-0006,932.6901,2369.016,1051.4785,2501.716,mom
3-10-0165,1078.516,736.9396,1228.8217,895.8008,unknown_5
3-10-0165,1376.6974,432.3153,1513.4238,594.2837,unknown_3
3-10-0165,1724.1937,1372.4119,1821.669,1479.1251,unknown_14
3-10-0205,1636.8857,1611.6157,1814.7328,1827.8492,unknown_7
3-10-0205,962.01044,1497.2483,1125.6572,1703.8168,dad
3-10-0205,686.71326,1491.8789,825.23804,1682.5859,mom
3-10-0033,1545.4413,707.4207,2172.5493,1448.1333,unknown_7
3-10-0033,1637.612,586.36395,1829.8188,831.18774,mom
3-10-0033,1310.9264,326.9678,1490.3146,558.0323,mom
3-10-0192,772.48267,842.0331,862.4303,961.96985,me
3-10-0214,473.63904,936.74695,788.21533,1325.2693,unknown_4
3-10-0214,1742.2766,1125.0387,1996.0033,1457.396,brother
3-10-0267,1298.8433,394.54013,1553.8673,725.68665,unknown_6
3-10-0267,1655.7921,604.4906,1851.4312,853.73615,unknown_7
3-10-0017,1336.3986,504.5141,1472.2366,681.69604,dad
3-10-0017,1078.5735,1039.176,1191.9106,1184.9221,dad
3-10-0017,1529.9678,1030.8633,1645.1113,1160.4779,mom
3-10-0103,598.25995,905.69995,810.9379,1110.7343,unknown_14
3-10-0103,1404.9973,980.4075,1526.3932,1114.1566,mom
3-10-0103,1687.8989,469.19247,1801.2903,606.9896,unknown_7
3-10-0103,1169.4144,1098.8401,1272.8295,1216.3024,unknown_6
3-10-0014,1221.1886,805.71686,1381.2162,1006.9564,unknown_6
3-10-0014,903.83295,839.64856,1053.5072,1023.04065,unknown_7
3-10-0085,2485.5063,1286.8806,2592.092,1421.2859,dad
3-10-0109,688.3336,1306.1078,850.966,1493.5735,unknown_5
3-10-0109,1484.9471,1128.9366,1611.5905,1304.2367,mom
3-10-0109,1069.6761,1157.8368,1208.3944,1315.8242,unknown_4
3-10-0109,2079.9817,1188.7803,2211.704,1350.0729,brother
3-10-0109,1843.2062,1134.2188,1962.131,1288.9326,dad
3-10-0233,1296.7296,-212.9696,1751.2339,316.3903,mom
3-10-0233,883.1265,431.43207,1064.1288,722.31116,mom
3-10-0233,1288.2814,560.1178,1502.9819,764.3644,mom
3-10-0233,2319.7964,412.78302,2477.226,616.1612,mom
3-10-0233,1781.5461,477.85516,1898.9044,635.584,unknown_14
3-10-0305,1444.9163,410.44128,1693.2863,745.1652,dad
3-10-0305,1102.4199,706.14496,1351.6411,999.8559,me
3-10-0195,1104.762,595.42456,1276.558,838.5703,unknown_7
3-10-0225,1142.2461,830.82666,1317.3374,1034.5718,unknown_6
3-10-0225,1615.3597,823.2113,1748.8444,978.6643,unknown_6
3-10-0219,733.01746,955.8893,1188.921,1453.3566,unknown_6
3-10-0219,1356.0763,472.18463,1785.0979,952.15094,mom
3-10-0117,1461.4877,728.9108,1595.7197,886.35046,mom
3-10-0117,1664.256,614.3792,1787.9652,773.6808,unknown_7
3-10-0147,1588.856,989.39,1715.6393,1152.5603,brother
3-10-0147,1334.8971,1105.2899,1443.8689,1242.7,unknown_6
3-10-0115,1149.632,938.0729,1384.0688,1247.204,unknown_6
3-10-0115,1554.547,1066.2269,1719.0906,1308.2867,mom
3-10-0320,512.2824,1051.2291,715.59143,1332.4226,brother
3-10-0161,1271.6779,1074.6906,1391.415,1208.3009,dad
3-10-0161,859.4396,917.109,967.437,1051.2252,mom
3-10-0161,1401.3201,2360.1687,1502.387,2484.0847,mom
3-10-0275,441.1184,1022.18567,563.21716,1189.8583,unknown_3
3-10-0275,780.13855,1096.2334,885.32245,1219.1628,unknown_4
3-10-0019,1450.4446,1041.7203,1576.1702,1208.2388,mom
3-10-0019,2051.5576,1140.6449,2177.7063,1296.29,unknown_5
3-10-0019,1050.4756,1071.4657,1179.4194,1222.3357,unknown_7
3-10-0019,672.9052,1137.4202,800.2278,1287.8312,unknown_7
3-10-0019,1819.8252,1071.5428,1937.5492,1221.516,mom
3-10-0019,2244.3918,1099.9658,2368.581,1225.3308,unknown_7
3-10-0019,1648.0405,1163.082,1743.9199,1270.6768,unknown_10
3-10-0159,1683.2025,886.6107,1783.4398,1006.66943,mom
3-10-0005,304.8494,711.64484,564.9024,1003.14,mom
3-10-0005,968.913,1108.7062,1131.2438,1329.8473,mom
3-10-0005,570.4091,746.1428,737.27454,932.8468,unknown_7
3-10-0326,2437.9878,783.3007,2663.867,1059.3062,unknown_11
3-10-0326,1809.7273,694.9747,2021.222,949.609,unknown_10
3-10-0326,601.94214,721.77527,796.0532,992.4922,brother
3-10-0326,1382.4535,541.3626,1555.5234,774.46246,brother
3-10-0326,1040.6548,962.5233,1217.3605,1176.1631,me
3-10-0326,1528.8918,832.9652,1676.2881,1021.36896,me
3-10-0326,1214.2881,1515.7689,1314.9484,1648.9124,mom
3-10-0046,1459.758,666.9536,1653.9202,929.8668,unknown_6
3-10-0132,1065.5538,873.75916,1276.2686,1170.435,me
3-10-0258,884.8822,781.2337,1059.213,976.4113,mom
3-10-0258,1485.6339,1021.65424,1629.4602,1197.841,unknown_14
3-10-0243,1504.408,436.46027,1800.9745,788.054,unknown_14
3-10-0243,1140.3558,689.92926,1416.9298,1062.8104,unknown_6
3-10-0243,1842.5165,767.20294,2138.5034,1114.6472,brother
3-10-0295,483.11044,1393.6642,677.8991,1638.4619,unknown_6
3-10-0064,1275.0688,890.5685,1366.811,1010.16974,unknown_13
3-10-0211,1795.7659,603.9882,1929.2144,764.68884,unknown_6
3-10-0211,840.2625,689.3523,968.6091,847.98694,unknown_6
3-10-0211,2210.229,979.9012,2323.1655,1127.5188,mom
3-10-0066,1717.2864,581.896,1864.8024,774.11993,unknown_6
3-10-0066,1392.015,552.1941,1534.984,738.23663,unknown_4
3-10-0066,836.36426,595.8072,966.42596,786.1485,me
3-10-0349,1109.0703,442.73785,1264.2126,638.0582,mom
3-10-0349,1512.9736,368.50854,1660.3273,566.3726,dad
3-10-0349,1327.304,514.77686,1435.0615,642.476,unknown_4
3-10-0210,723.151,1128.3748,935.8582,1414.8257,me
3-10-0210,2307.491,806.6268,2524.3047,1042.6282,unknown_6
3-10-0210,678.3054,536.65717,860.04834,768.4467,unknown_2
3-10-0210,1519.8871,461.68243,1693.2334,644.0086,unknown_6
3-10-0210,2018.1725,800.5855,2167.5295,968.8398,unknown_5
3-10-0367,888.3158,1687.6688,1185.2064,2032.8395,dad
3-10-0367,1724.611,849.3596,1851.3198,1040.6544,unknown_14
3-10-0367,1178.7107,890.64435,1274.6926,995.0855,unknown_14
3-10-0070,905.31354,1510.9785,1001.9047,1632.299,unknown_7
3-10-0004,1729.3397,826.2755,1851.7778,978.1935,unknown_14
3-10-0004,1261.9861,834.765,1380.8331,975.421,unknown_2
3-10-0140,1078.4205,1369.5013,1178.1594,1498.6624,mom
3-10-0198,1774.6686,692.6813,1999.7478,1010.1301,dad
3-10-0198,736.11804,694.23193,921.7238,930.2272,dad
3-10-0198,1956.5538,1061.3301,2139.7231,1283.3811,dad
3-10-0198,1409.1448,701.68176,1557.453,890.4859,unknown_4
3-10-0198,1752.3673,1008.8009,1840.5165,1127.9547,unknown_14
3-10-0338,1953.7046,1402.3722,2073.437,1564.7102,dad
3-10-0338,1652.7477,1450.2288,1757.3086,1582.0856,unknown_2
3-10-0059,830.09985,1019.02094,986.1003,1222.9387,dad
3-10-0230,1660.365,699.4608,1844.111,946.7476,brother
3-10-0230,1134.4222,637.0622,1313.7438,886.1402,dad
3-10-0230,703.10724,675.7509,868.0716,890.1942,unknown_6
3-10-0230,885.2307,1362.3792,1039.3231,1575.8508,unknown_4
3-10-0230,1294.1238,1483.048,1443.7657,1680.686,unknown_6
3-10-0246,219.83409,1335.073,361.33975,1510.181,unknown_6
3-10-0246,2102.403,625.99,2220.7664,774.1169,unknown_6
3-10-0246,1556.6881,656.3839,1673.7162,794.5306,unknown_2
3-10-0077,1028.9612,739.41394,1172.1423,929.246,me
3-10-0077,1052.5775,1027.0312,1174.3982,1161.5491,dad
3-10-0203,1208.5825,632.9278,1361.276,824.3619,unknown_7
3-10-0203,1690.9607,892.3448,1815.3452,1046.2783,unknown_7
3-10-0335,1255.7393,909.70245,1544.9635,1259.2554,me
3-10-0342,726.4455,1009.0616,1046.6445,1407.5425,unknown_7
3-10-0342,788.64764,630.4431,956.01196,858.5355,mom
3-10-0342,1040.2986,2867.2756,1145.6401,2986.1296,unknown_5
3-10-0265,1040.7,962.581,1213.3699,1202.909,unknown_7
3-10-0317,572.8143,406.67975,1427.7482,1400.1736,mom
3-10-0317,1423.7728,487.29358,2107.3586,1388.8494,unknown_11
3-10-0309,999.47546,959.6552,1096.8641,1108.6515,mom
3-10-0309,1733.5431,1063.4427,1821.7429,1189.4313,unknown_13
3-10-0001,1805.718,1244.2675,2029.9364,1536.0177,me
3-10-0001,882.725,1008.33295,1111.5939,1272.6062,unknown_6
3-10-0001,1112.3217,1110.6578,1312.7749,1372.0492,unknown_6
3-10-0190,785.1134,311.68417,1038.8649,612.7875,mom
3-10-0190,986.5671,1601.5693,1206.4779,1872.5958,mom
3-10-0114,965.56586,924.2554,1176.9117,1189.3628,unknown_11
3-10-0379,1844.6359,832.43787,2367.104,1505.5021,unknown_6
3-10-0379,962.4518,823.7071,1453.6147,1377.6978,unknown_4
3-10-0079,1670.2268,1089.2173,1772.3861,1216.37,unknown_6
3-10-0282,2481.4097,1110.1835,2580.0276,1222.1078,mom
3-10-0282,714.8777,1298.4895,806.2883,1409.2297,dad
3-10-0241,1864.2491,456.27014,2083.4329,786.41284,unknown_2
3-10-0241,1319.1499,694.5109,1502.958,906.6503,unknown_6
3-10-0292,846.47687,1181.6237,1051.5767,1445.8848,mom
3-10-0292,575.9718,975.085,751.0848,1201.9696,mom
3-10-0292,1484.2002,945.85016,1659.596,1163.9368,brother
3-10-0292,1190.917,969.506,1362.8785,1189.6825,mom
3-10-0292,874.4871,813.1788,1042.6515,1038.078,dad
3-10-0180,2236.7173,860.373,2330.9192,982.5366,mom
3-10-0336,1525.8186,467.21698,1754.3137,773.8251,unknown_7
3-10-0336,1483.1376,853.86566,1685.5475,1120.9476,me
3-10-0044,1559.1835,781.7347,1717.7313,983.37067,unknown_7
3-10-0044,1890.463,1464.8927,2031.0317,1634.2682,me
3-10-0044,1077.4688,1315.1852,1209.3729,1483.1426,unknown_6
3-10-0280,667.91833,814.8512,781.83124,959.32086,me
3-10-0245,1442.1522,1732.3365,1698.454,2063.7798,brother
3-10-0245,1414.6794,1386.8064,1616.9739,1633.4867,unknown_6
3-10-0245,1055.449,1270.175,1226.5879,1510.633,me
3-10-0042,1467.5323,1266.0797,1677.7422,1472.4622,mom
3-10-0300,1254.7135,702.8574,1786.1125,1430.6978,unknown_11
3-10-0307,1846.5546,581.9491,2040.8169,849.3532,dad
3-10-0307,1671.926,1091.9728,1813.0254,1252.705,me
3-10-0212,1796.9856,1126.2318,1998.8755,1375.0618,unknown_6
3-10-0116,604.2345,557.9425,878.0338,924.9843,unknown_11
3-10-0106,1127.3103,883.2196,1314.4619,1126.8889,brother
3-10-0106,1081.5458,598.9367,1244.6068,808.1737,unknown_2
3-10-0260,2168.3984,1300.1663,2377.0933,1556.8224,brother
3-10-0260,389.20578,1060.4889,578.37024,1290.2859,unknown_11
3-10-0260,2084.3557,558.5369,2260.5583,792.4921,unknown_6
3-10-0260,719.1933,684.97736,889.189,883.1743,unknown_11
3-10-0260,911.6328,487.7926,1049.9297,663.3955,unknown_2
3-10-0260,1650.903,611.07,1794.7073,769.23566,mom
3-10-0260,632.9606,1281.2236,754.3335,1421.9188,dad
3-10-0051,1520.8241,696.9546,1624.513,821.8943,mom
3-10-0287,162.81396,274.5417,269.39752,401.516,unknown_3
3-10-0281,1722.8804,967.4583,1831.286,1096.06,mom
3-10-0281,2007.9065,692.89435,2115.9614,809.6758,mom
3-10-0281,1552.3782,978.74774,1657.1316,1095.6262,dad
3-10-0380,1381.2213,701.43207,1580.5094,944.7686,unknown_6
3-10-0131,866.4508,1179.5758,1029.4927,1391.5269,unknown_6
